Art,eBirdCode,Regelabstand,KI-Probleme,Zusatzinformationen,Refubeschreibung,Xeno-Canto,Xeno-Canto Samples (foreground),Grund für Eintrag
Blauracke (Coracias garrulus) [W],eurrol1,,M,"* Während der Balu und der Revierabgrenzung … recht auffällig, in der Brutzeit und danach jedoch kaum zu hören. [W]","* Der Erregungs- und Störungsruf der Blauracke ist ein raues *Rak*, das oft mehrmals wiederholt wird und knarrende oder krächzende Klangeigenschaften aufweist. 

* Der Balzflug wird in der Aufstiegsphase von einzelnen Rak-Rufen begleitet, die im Sturzflug in ein rätschendes Rärrärrärrärrärr… übergehen

* Der Schrecklaut ist ein krähenhaftes Kraaah, mit einem grellen, lauten Ärrrrr warnen Blauracken

* Auch Perkussionslaute gehören zu ihren Lautäußerungen, wie zum Beispiel Schnabelschlagen gegen einen schwingenden Ast. [W]",https://xeno-canto.org/species/Coracias-garrulus,108,Kategorie 0 - Bestand erloschen
Doppelschnepfe (Gallinago media) [W],gresni1,,M,* Außerhalb der Balzplätze sind Doppelschnepfen meist stumm. [W],"* Aufgescheuchte Vögel lassen nur gelegentlich ein schnelles, kehliges Krächzen hören.

* Das Stimmrepertoire während der Arenabalz ist dagegen deutlich  umfangreicher. Von den Männchen ist ein leises, nur wenige Meter weit zu hörendes Blubbern zu hören. Daneben sind Zwitscher- und Klicklaute zu  vernehmen, die schließlich in ein lautes, vibrierendes Pfeifen  übergehen. [W]",https://xeno-canto.org/species/Gallinago-media,147,Kategorie 0 - Bestand erloschen
Gänsegeier (Gyps fulvus) [W],eurgri1,,S,* In den Kolonien und am Aas ist die Art recht stimmfreudig. [W],"* Bei Auseinandersetzungen mit Artgenossen geben die Tiere rätschende oder heiser keckernde Rufe wie „tetetet“ oder „gegegeg“ von sich, zischen  oder fauchen.

* Bei direkten Attacken rufen ranghohe Vögel harsch gänseartig „kak-kak“,  rangniedere Vögel reagieren mit schluchzenden oder glucksenden Lauten.

* Der von kleinen Jungvögeln beim Betteln genutzte Ruf ist ein glucksendes Piepen, größere Nestlinge rufen gereiht „gagaga“. [W]",https://xeno-canto.org/species/Gyps-fulvus,73,Kategorie 0 - Bestand erloschen
"Mornellregenpfeifer
(Charadrius morinellus) [N]",eurdot,,,"* Der Mornellregenpfeifer zeigt ein großes Spektrum verschiedener Lautäußerungen.

* Oft kombiniert der Mornellregenpfeifer verschiedene Elemente seines Stimmrepertoires. [W]","* Mornellregenpfeifer rufen im Flug weich rollend und abfallend „pjürr“. Außerdem wird pfeifend „titi-ri-titi-ri“ wiederholt.

* Die Weibchen balzen über dem Brutrevier kreisend „bütt bütt bütt“. [N]

* Am häufigsten ist ein flötendes, gereihtes Düii(rr)oder püii zu hören, wobei die letzte Silbe deutlich abgehoben ist. 

* gereihte, rasch verklingende Abflugruf, der wie dirr oder pürr klingt, relativ häufig zu hören. [W]",https://xeno-canto.org/species/Charadrius-morinellus,243,Kategorie 0 - Bestand erloschen
Papageitaucher (Fratercula arctica) [W],atlpuf,,S,,"* Die tiefen Rufe des Papageitauchers klingen wie „orr…o-o“ oder „arr…ha-ha“, sind in der Tonhöhe fallend oder steigend und ähneln so dem Knarren einer rostigen Türangel. Sie werden gelegentlich einzeln, meist aber mit kurzen Pausen dreimal hintereinander geäußert. [W]",https://xeno-canto.org/species/Fratercula-arctica,61,Kategorie 0 - Bestand erloschen
Rosenseeschwalbe (Sterna dougallii) [W],sterna,,,,"* Die Rosenseeschwalbe ist an ihrem typischen Ruf erkennbar. Sie ruft schnell und zweisilbig „TCHIWwink“ und gerade, tief und rau „krrähk“. [W]",https://xeno-canto.org/species/Sterna-dougallii,165,Kategorie 0 - Bestand erloschen
Rothuhn (Alectoris rufa) [W],relpar1,,,,"* tsche oder tset psiä tok...-Rufe können sich lang anhaltend wiederholen

* Männchen tragen ihren Gesang, der über einige hundert Meter hinweg hörbar ist, von einer Warte oder vom Boden aus vor. Der Gesang beginnt mit einem wetzenden wät-wät und steigert sich langsam mit tek-tek oder tok tok. Der Höhepunkt des Rufes sind Kombinationen von tok-Elementen mit Krählauten. Eine charakteristische Ruffolge ist ein tok-tok-korährähräh-korähräh. [W]",https://xeno-canto.org/species/Alectoris-rufa,315,Kategorie 0 - Bestand erloschen
Schlangenadler (Circaetus gallicus) [W],shteag1,,S,,"* Die Rufe des Männchens sind überraschend melodiös; entfernt erinnern sie an das Flöten eines Pirols.

* Häufigster Ruf ist ein zweisilbiges Kiiii-jo bei dem die erste Silbe langgezogen und stark betont, die zweite Silbe volltönend und kurz abklingt

* Er ist vor allem beim Anflug an den Horst zu hören. Das Grundmuster dieses Rufes wird situationsbedingt vielfältig abgewandelt und kann an Rufe des Schwarzspechtes und des Fischadlers erinnern

* Am Horst selbst ruft das Männchen in meist zweisilbigen Ruffolgen, die eine glockenartige oder xylophonartige Tonfärbung aufweisen.

* Besonders weiche i-joa-Laute werden in Partnernähe geäußert und drücken besondere Vertrautheit aus. Weibchen rufen weniger häufig und weniger wohltönend in sehr ähnlichen phonetischen Mustern; häufig hört man beide Partner minutenlang im Duett. [W]",https://xeno-canto.org/species/Circaetus-gallicus,80,Kategorie 0 - Bestand erloschen
Schwarzstirnwürger (Lanius minor) [W],legshr2,,"S, I, G",* Im Gesang können teils sehr gute Imitationen anderer Vogelarten und Geräusche der Kulturlandschaft oder Hundegebell eingebettet sein [W],"* Der Gesang ist ein würgertypisches, anhaltendes Schwatzen, in das neben den für die Art charakteristischen krächzenden und gepressten Lauten viele, zum Teil sehr gute Imitationen anderer Vogelarten und Geräusche der Kulturlandschaft oder Hundegebell eingebettet sein können. Dem Gesang geht meist ein abgesetztes Eingangselement voraus.

* Der Reviergesang ist ein anhaltendes moduliertes Schilpen, das in einem langsamen Imponierflug vorgetragen wird.

* Erregungsrufe sind gereihte reck…sreck-Folgen, beziehungsweise würgertypisches Tschäckern 

* Beim Erscheinen von Fressfeinden sind laute gä…gägä-Folgen zu hören

* Ein intimer, leiser Kontaktruf, vor allem beim Nestbau, beim Balzfüttern oder bei der Futterübergabe geäußert, ist ein leises Krett. [W]",https://xeno-canto.org/species/Lanius-minor,43,Kategorie 0 - Bestand erloschen
Steinsperling (Petronia petronia) [W],rocpet1,,,,"* Ruft ziemlich einprägsam ""vüi"" [E]",https://xeno-canto.org/species/Petronia-petronia,299,Kategorie 0 - Bestand erloschen
"Steinwälzer
(Arenaria interpres)  [N]",rudtur,,,,"* Sein Flugruf ist ein scharfes „tük-e-tük“, „tuck-a-tuck“ oder kurz „kju“.

* Der Gesang ist eine schnelle Serie von „KJÄwi-KJÄwi-wittwittwittwittwittwitt“. [N]",https://xeno-canto.org/species/Arenaria-interpres,388,Kategorie 0 - Bestand erloschen
Waldrapp (Geronticus eremita) [W],waldra1,,S,,* Bei Begrüßungsritual von Partner: Chrup-Chrup-Ruf [W],https://xeno-canto.org/species/Geronticus-eremita,54,Kategorie 0 - Bestand erloschen
Würgfalke (Falco cherrug) [W],sakfal1,,"S, M","* Außer am Brutplatz, selten zu hören [W]",* Ein etwas raues Lahnen und Gäckern ist – außer am Brutplatz – relativ selten zu hören. [W],https://xeno-canto.org/species/Falco-cherrug,9,Kategorie 0 - Bestand erloschen
"Zwergtrappe (Tetrax tetrax, im 19. Jahrhundert Otis tetrax) [W]",litbus1,,,,"* Der Balzruf ist ein lautes grunzendes trrr, das alle zehn Sekunden wiederholt wird.",https://xeno-canto.org/species/Tetrax-tetrax,66,Kategorie 0 - Bestand erloschen
"Alpenstrandläufer
(Calidris alpina) [N]",dunlin,,,,* Im Flug trillert er heiser und schnurrend „krrrü“. Auch scharfe „trrrrie“- oder „rüüü“-Rufe lässt er von sich hören. [N],https://xeno-canto.org/species/Calidris-alpina,936,Kategorie 1 - vom Aussterben bedroht
Auerhuhn (Tetrao urogallus) [N],wescap1,,,,* Das Männchen gibt bei der Balz eine Strophe aus hölzernen und schnalzenden Tönen von sich. [N],https://xeno-canto.org/species/Tetrao-urogallus,150,Kategorie 1 - vom Aussterben bedroht
Bekassine (Gallinago gallinago) [N],comsni,,,* Der Gesang ist vor allem während der Brutzeit zu hören [W],"* Vom Boden aufgescheuchte Bekassinen geben ein heiseres, raues Ääätsch von sich, das manchmal auch in kurzen Abständen gereiht wird.

* Balz: Er besteht aus langen, rhythmischen Rufreihen von zweisilbigen, recht variablen Lauten, die als tick-er oder diep-pe wiedergegeben werden können. Bei besonderer Erregung können sich die Reihen steigern und bestehen dann aus einsilbigen djugg-Rufen, von denen etwa vier in einer Sekunde aufeinander folgen.

* Balz: Sehr charakteristisch ist das so genannte „Wummern“ oder „Meckern“, das während der Balzflüge vor allem in der Morgen- und Abenddämmerung zu hören ist. Dabei handelt es sich um einen Instrumentallaut, der durch die speziell versteiften, äußeren Steuerfedern erzeugt wird. [W]

* Der Gesang besteht aus ausdauernden „tücke tücke tücke“-Lauten. [N]",https://xeno-canto.org/species/Gallinago-gallinago,1584,Kategorie 1 - vom Aussterben bedroht
Beutelmeise (Remiz pendulinus) [W],euptit1,,,,"* Der leise Ruf klingt in etwa wie „siüh“. [W]

* Der Ruf der Beutelmeise ist ein feines abfallendes „psiiiu“. In den Gesang werden viele Pausen, Triller und Rufe eingebaut. [N]",https://xeno-canto.org/species/Remiz-pendulinus,323,Kategorie 1 - vom Aussterben bedroht
Brachpieper (Anthus campestris) [W],ruffie2,,,"* Weibchen können ebenfalls singen, dabei passen sie ihren Gesang dem mit ihm verpaarten Männchen an. [W]","* Der Kontaktruf ist ein spatzenartiges „zschlippp, dieb“.

* Gesang besteht aus zwei bis drei Silben, etwa wie „zirluih…zirluih…zirluih“. [W]",https://xeno-canto.org/species/Anthus-campestris,494,Kategorie 1 - vom Aussterben bedroht
"Brachvogel
(Numenius arquata) [N]",eurcur,,,,"* Die Stimme ist ein lauter, sehr melodisch klingender, wehmütiger Ruf, der wie „kuri li“

* Um die Brutreviere zu markieren, singen die Männchen im Frühjahr eine flötende und trillernde Strophe.

* Beim Fliegen geben große Brachvögel ein „tlüih“ von sich, das bei Erregung zu einem „tüi-tüi-tüi“ wird. [W]

* Der Balzruf des Brachvogels ist charakteristisch. Im Flug lässt er dabei aneinandergereihte wehmütige „guuh-guuh“-Töne verlauten, die auf einen Triller enden. Seine Rufe sind sehr vielseitig. [N]",https://xeno-canto.org/species/Numenius-arquata,1513,Kategorie 1 - vom Aussterben bedroht
"Brandseeschwalbe (Thalasseus sandvicensis, bis 2005 Sterna sandvicensis) [W]",santer1,,,,"* Der krächzende Ruf der Brandseeschwalbe klingt in etwa wie „kärrik“. [W]

* Jungvögel betteln hoch und dünn mit „srii-sri“. [N]",https://xeno-canto.org/species/Thalasseus-sandvicensis,498,Kategorie 1 - vom Aussterben bedroht
Bruchwasserläufer (Tringa glareola) [W],woosan,,,,"* Im Flug ruft der Bruchwasserläufer giff -giff -giff. 

* Der Alarmruf ist ein wiederholtes gip-gip-gip.

* Ein Singflug dient der Reviermarkierung und besteht aus flötenden Rufen. [W]",https://xeno-canto.org/species/Tringa-glareola,817,Kategorie 1 - vom Aussterben bedroht
Goldregenpfeifer (Pluvialis apricaria) [W],eugplo,,,,"* Das charakteristische flötende „düh“ ist weit zu hören.

* Im Balzflug macht er mit einem klagenden „pü-PII-i, pü-PII-u“ auf sich aufmerksam. [N]",https://xeno-canto.org/species/Pluvialis-apricaria,1002,Kategorie 1 - vom Aussterben bedroht
Großtrappe (Otis tarda) [W],grebus1,,"S, M",* “Großtrappen sind eher stille Vertreter.” [N],"* Zur Balzzeit lassen die Hähne hin und wieder ein Geräusch aus ihrem aufgeblasenen Kehlsack erklingen

* Bei Gefahr warnen sie mit einem nasal bellenden „ongh“.

* Jungvögel lassen ein klagendes „tschiioh“ vernehmen. [N]",https://xeno-canto.org/species/Otis-tarda,6,Kategorie 1 - vom Aussterben bedroht
Haubenlerche (Galerida cristata) [W],crelar1,,I,* Die Haubenlerche imitiert sehr gut und gerne andere Vögel. [N],"* Der Lockruf klingt wie „trüdritri-eh“ und bildet auch das Hauptmotiv des Gesanges [W]

* Der Gesang klingt ähnlich wie der der Feldlerche, hat aber einen etwas wehmütigeren Klang.

* Ihr „triliPÜÜ“ oder „diedidrie“ ist variabel

* Im Flug ruft sie fröhlicher „dwuih“ oder „brschü“.

* Die Haubenlerche imitiert sehr gut und gerne andere Vögel. [N]",https://xeno-canto.org/species/Galerida-cristata,533,Kategorie 1 - vom Aussterben bedroht
"Kampfläufer (Calidris pugnax, Syn.: Philomachus pugnax) [W]",ruff,,"S, M",* Der Kampfläufer ist meist stumm,* Selten kann man dunkle Töne von ihm vernehmen.,https://xeno-canto.org/species/Calidris-pugnax,46,Kategorie 1 - vom Aussterben bedroht
"Knäkente (Spatula querquedula, Syn.: Anas querquedula) [W]",gargan,,(M),* Weibchen rufen sehr selten [W],"* Die Männchen geben ein charakteristisches, schnarrendes und fast stimmloses klerrb von sich.

* Ferner rufen beide Geschlechter nasal jäg-jäg, wenn sie beunruhigt sind.

* Weibchen rufen insgesamt sehr selten, sie lassen beim Auffliegen aber ein einsilbiges ga beziehungsweise ek.. hören. [W]

* Der Erpel ruft während der Balz leicht an- und absteigend „prirrr prirrr“ oder „kliiiiiiirb“. Das Weibchen ruft selten und dann sehr leise „ga-ga, ga-ga“. [N]",https://xeno-canto.org/species/Spatula-querquedula,212,Kategorie 1 - vom Aussterben bedroht
Kornweihe (Circus cyaneus) [W],norhar1,,S,,"* Die Balzrufe des Männchens bestehen aus schnell gereihten, abgehackten Rufen, die mit „tschuk-uk-uk-uk-uk“ oder „tschukukerr-kerruk-tschuckerukeruk“ wiedergegeben werden können

* Bedrohung am Nest äußern Weibchen schnelle, zwitschernde, etwa wie „tschit-it-it-it-et-it-et-it-et…“ klingende Rufe, die Alarmrufe der Männchen sind etwas tiefer wie „tschek-ek-ek-ek“ oder „kekekeke…“. 

* Der von Jungvögeln beim Betteln ständig genutzte Ruf ist ein dünnes „psieh-psieh…“; ähnlich, etwa wie „psiih-e“ oder „bijuh“, klingt auch der Bettelruf der Weibchen [W]",https://xeno-canto.org/species/Circus-cyaneus,40,Kategorie 1 - vom Aussterben bedroht
Küstenseeschwalbe (Sterna paradisaea),arcter,,,,"* Ihr Ruf klingt in etwa wie ""kirrarr"". [W]

* Als Warnruf geben sie ein hartes, trockenes „kee-arr“ von sich.

* Sie flöten recht klar „pi-pi-pi-pi“ oder „piu piu piu“.

* Auch ein ratterndes „kt-kt-kt-krrr-kt“ lassen sie von sich hören. [N]",https://xeno-canto.org/species/Sterna-paradisaea,386,Kategorie 1 - vom Aussterben bedroht
"Lachseeschwalbe (Gelochelidon nilotica, Syn.: Sterna nilotica) [W]",gubter1,,,,"* Sie hat ihren Namen von ihren lachenden 2-silbigen „käwä-Rufen“ erhalten. [W]

* Bei Erregung wird dieser Ruf schnell und oft wiederholt: „gwic-gwic-gwic.“ [N]",https://xeno-canto.org/species/Gelochelidon-nilotica,207,Kategorie 1 - vom Aussterben bedroht
Moorente (Aythya nyroca) [W],ferduc,,"S, M","* Die Stimme der Moorente ist wenig auffällig.

* Ruf des Männchens während der Parungszeit nur wenige Meter hörbar. [W]","* Die Stimme ähnelt denen der anderen Aythya-Arten.

* Während der Paarungszeit, die in die Monate Januar bis Mai fällt, ruft das Männchen ein leises wräijö. Der Ruf ist nur im Umkreis von wenigen Metern hörbar.

* Der Ruf des Weibchens ist ein stimmloses, schnarrendes rerrr rerrr und ist auch im Flug zu hören [W]

* Der Erpel balzt mit einem leisen „wräijö“ oder „WIH-wju“. Das Weibchen ruft im Flug „kerrr kerrr“. [N]",https://xeno-canto.org/species/Aythya-nyroca,19,Kategorie 1 - vom Aussterben bedroht
"Raubseeschwalbe (Hydroprogne caspia, Syn.: Sterna caspia) [W]",caster1,,,,"* Die Raubseeschwalbe macht im Flug mit einem lauten, scharfen „kreähk“ oder „käh“ auf sich aufmerksam, das an ein Krähe erinnert.

* Jungvögel betteln piepsend „wiiiih“ [N]",https://xeno-canto.org/species/Hydroprogne-caspia,336,Kategorie 1 - vom Aussterben bedroht
Raubwürger (Lanius excubitor) [W],norshr1,,I,"* Elemtente anderer Vogelgesänge werden in den Gesang eingebaut [W] ","* Der Gesang des Raubwürgers, bei dem beide Geschlechter singen, besteht aus kurzen, wohltönend-flötend klingenden Strophen, die sehr variabel sind und in die häufig Elemente anderer Vogelgesänge und Rufe eingebettet werden. Meist beginnt der Gesang mit trrr- oder prrrr-Lautreihen, die später in relativ leise, auf der zweiten Silbe betonte tü-lick…prü-ii Elemente übergehen

* Auch die Rufe sind sehr vielfältig. Am häufigsten ist der Wächterpfiff, ein scharfer Triller, der vor allem bei der Sichtung eines Flugfeindes zu hören ist

* Daneben verfügt der Raubwürger über eine Vielfalt oft rau und heiser klingender Lautäußerungen

* In Bedrohungs- oder aggressiv gestimmten Situationen sind aus der Nähe Instrumentallaute, vor allem Schnabelknappen, zu vernehmen [W]

* Der Gesang des Rauwürgers besteht meist aus recht einfachen wiederholten Lauten, oftmals begleitet von einem Triller. Zwischen den Lauten ist eine kurze Pause. Häufig vorkommende Elemente sind „prrrh“ und „trrrh“, mit einem trillerartigen Aufschwung am Ende. [N]",https://xeno-canto.org/species/Lanius-excubitor,327,Kategorie 1 - vom Aussterben bedroht
Rotkopfwürger (Lanius senator) [W],wooshr1,,"I, M","* Fast immer werden Rufe und Gesänge anderer Vogelarten imitiert, weshalb der Gesang des Rotkopfwürgers je nach Vorbildart individuell sehr verschieden sein kann

* Insgesamt ist die akustische Präsenz der Art aber nicht besonders groß; vor allem bereits verpaart im Brutgebiet erscheinende Würger verhalten sich recht heimlich. [W]","* Der Gesang des Rotkopfwürgers – ein kontinuierliches Schwätzen, Trillern und Pfeifen – ist dem des Neuntöters sehr ähnlich, jedoch etwas lauter. Eingeleitet wird er oft von einem abgehackten grüg-Laut, dem gepresste, krächzende, aber auch wohltönendere Laute folgen

* Einfacher Anwesenheits- und Kontaktruf ist ein zweisilbiges, recht leises Kwikwik.

* Warn- und Alarmruf ist ein lautes, einzelnes, oder bei größerer Erregung gereihtes Gäck oder Tschäck

* Besonders während der Führungszeit bleibt die Familie mit krek- oder krex-Rufen miteinander in Kontakt

* Ein durchdringendes Drrirrd deutet auf höchste Erregung in einer antagonistischen Situation hin. [W]

* Mit einer Reihe kurzer, heißerer Laute warnt der Rotkopfwürger. Dabei ist oft ein „gegegeg“ oder ein „dschärt“ zu hören.

* Der Gesang beginnt oftmals mit Erregungsrufen und geht dann in ein Schwätzen über, in das Imitationen anderer Vogelstimmen eingebunden werden. [N]",https://xeno-canto.org/species/Lanius-senator,190,Kategorie 1 - vom Aussterben bedroht
Sandregenpfeifer (Charadrius hiaticula) [W],corplo,,,,"* Der charakteristische weiche, flötende Ruf des Sandregenpfeifers ist ein helles „tüü ih“ mit Betonung auf der zweiten Silbe.

* Der Ruf im Balzflug ist ein aneinandergereihtes „düje“. Er warnt mit einem pfeifenden „tihp“. [N]",https://xeno-canto.org/species/Charadrius-hiaticula,852,Kategorie 1 - vom Aussterben bedroht
"Schreiadler (Clanga pomarina, Syn.: Aquila pomarina) [W]",leseag1,,S,,"* Der markante hohe Balzruf am Nest klingt wie „k-jiip“. Im Balzflug kann ein lang pfeifendes „wiiik“ vernommen werden. [N]

* Der bis zum Schlupf der Jungvögel häufig zu hörende Erregungsruf ist ein kräftiges „tjück“, das auch mit „jück“ oder „jüb“ wiedergegeben wird und meist zwei- bis dreimal hintereinander ertönt

* Beim Balzflug ruft das Männchen „wiiik“, der Ruf ähnelt einem langen Pfiff [W]",https://xeno-canto.org/species/Clanga-pomarina,62,Kategorie 1 - vom Aussterben bedroht
Seeregenpfeifer (Charadrius alexandrinus) [W],kenplo1,,,,"* Sein Ruf klingt in etwa wie „bip“ oder „drip“. [W]

* Ein weiches geflötetes „huit“ und ein leises rollendes „drrp drrrp“ lässt er am Boden häufig von sich hören.

* Sein Balzruf ist ein rollendes härteres „drrruuRRIRRE-RE“. [N]",https://xeno-canto.org/species/Charadrius-alexandrinus,276,Kategorie 1 - vom Aussterben bedroht
Seggenrohrsänger (Acrocephalus paludicola) [W],aquwar1,,,,"* Die Gesangsstrophen des Seggenrohrsängers dauern kaum länger als drei Sekunden. Vor allem werden sie während der ersten [W]

* Er ruft ein schnalzendes „Tschack“ oder „Tack“, warnt kurz und heiser mit einem „tscht“.

* Sein Gesang beginnt mit einem knarrenden „trrrr“ und geht dann in pfeifendes „jüjüjüjü“ oder „didididi“ über. Das Knarren und Pfeifen wechselt sich dann wiederkehrend ab. [N]",https://xeno-canto.org/species/Acrocephalus-paludicola,131,Kategorie 1 - vom Aussterben bedroht
Sperbergrasmücke (Sylvia nisoria) [W/N], barwar1 ,,"S, V","* Der Gesang ist dem der Gartengrasmücke ähnlich, aber immer härter, rauer und etwas höher. Er enthält mehr eingeflochtene Pfeiflaute. [W]

* Der Gesang ähnelt sehr dem melodischen Gezwitscher der Gartengrasmücke, ist aber etwas rauer. [N]","* Der sehr typische Ruf ist laut knatternd „trrrrr’t’t’-t“ und erinnert an zeternde Haussperlinge. Meistens folgt er auf Strophen des Gesangs. 

* Der Warnruf ist heiser und gedämpft „tschähr“. [W]",N/A,0,Kategorie 1 - vom Aussterben bedroht
Steinrötel (Monticola saxatilis) [W],rtrthr1,,,,N/A,https://xeno-canto.org/species/Monticola-saxatilis,126,Kategorie 1 - vom Aussterben bedroht
Steinschmätzer (Oenanthe oenanthe) [W],norwhe,,I,"* Der Gesang des Steinschmätzers ist sehr abwechslungsreich und variabel

* Auch andere Vögel imitiert er. [N]","* Ihr Ruf ist ein pfeifendes hiiit, sie singen oft leicht erhöht von Felsen aus eine zwitschernde und knirschende Strophe. [W]

* Der Gesang des Steinschmätzers ist sehr abwechslungsreich und variabel. Er enthält zwitschernde sowie wohlklingende und harte knirschende Laute

* Auch andere Vögel imitiert er. 

* Weiterhin gehört ein hartes „töck“ oder „tschack“ zu seinem Repertoire. [N]",https://xeno-canto.org/species/Oenanthe-oenanthe,445,Kategorie 1 - vom Aussterben bedroht
Sumpfohreule (Asio flammeus) [W],sheowl,,,,"* Der Revierruf des Männchens ist ein hohles, nicht sehr lautes, bis zu 20-mal gereihtes „Hu“ oder „Bu“. Die in der Tonhöhe leicht ansteigende Ruffolge erinnert etwas an die Rufe des Wiedehopfs.

* Die Rufe der Weibchen haben einen fauchenden, zischenden Charakter und lassen sich nur schwer transkribieren

* In Konfliktsituationen und bei Beunruhigung ist ein miauendes, langgezogenes „Kiiijá“ zu hören, bei dem die zweite Silbe deutlich betont ist.

* Eindrucksvoll ist das Flügelklatschen dieser Eulenart, das sowohl während der Balz in Sturzflügen als auch bei Auseinandersetzungen mit Rivalen eingesetzt wird

* Das Zusammenschlagen der Flügel in rascher Abfolge erzeugt ein knatterndes, an Fahnenknattern erinnerndes Geräusch.

*Wie andere Eulen fauchen Sumpfohreulen in Konflikt- oder Abwehrsituationen oder knappen mit dem Schnabel. [W]

* Der Ruf klingt eher heiser wie „TSCHIH-eff“. [N]",https://xeno-canto.org/species/Asio-flammeus,257,Kategorie 1 - vom Aussterben bedroht
Triel (Burhinus oedicnemus) [W],eutkne1,,V,"* Oft rufen mehrere Männchen gleichzeitig

*Der Ruf ist fast einen Kilometer weit zu hören [W]

* Sein Ruf kann mit dem Ruf des Großen Brachvogels verwechselt werden [N]"," * ist ein melodisches, etwas wehmütiges relativ hohes, nicht ganz reines Flöten, das sich etwa mit krüüeeeii oder triüüiii transkribieren lässt.

* Als weitere Rufe sind melodische, regenpfeiferähnliche Pfiffe zu hören

* Bei Bedrohung, die ein unbemerktes Entkommen nicht mehr erlaubt, schlagen Altvögel mit den Flügeln auf den Boden [W]

* In Tonhöhe und Lautstärke steigt das „Küü-Liii“ schwellend an und kann eventuell mit dem Ruf des Großen Brachvogels verwechselt werden. Der Gesang „kiki wiik kikiwick“ ähnelt dem Ruf. [N]",https://xeno-canto.org/species/Burhinus-oedicnemus,714,Kategorie 1 - vom Aussterben bedroht
Uferschnepfe (Limosa limosa) [W],bktgod,,,,"* Der Ruf klingt in etwa wie „wed“, „geg“ oder „grutto“. [W]",https://xeno-canto.org/species/Limosa-limosa,483,Kategorie 1 - vom Aussterben bedroht
Wachtelkönig (Crex crex) [W],corcra,,M,"* Die Hauptsingperiode dauert etwa zwei bis vier Wochen. Sie beginnt etwa 34 Tage nach Ankunft am Brutplatz und endet mit der Eiablage. Nach dem Brüten kann es noch einmal zu einer kurzen Phase der Rufaktivität kommen

* In den Winterquartieren bleibt er aber offenbar stumm.  

* Am Tag sind meist nur einzelne Rufe zu hören, besonders häufig bei regnerischem Wetter. Häufig ist dies der einzige Hinweis auf die Anwesenheit eines Wachtelkönigs. [W]","* Der Ruf des Männchens ist ein unverwechselbares, knarrendes Doppelelement: rerrp-rerrp (ähnlich, wie wenn man mit dem Daumennagel über die groben Zähne eines Kammes streicht).

* Andere stimmliche Äußerungen wie knurrendes oder grunzendes Quieken, „plärrendes Trommeln“ oder hohes Piepen sind bislang nur aus Gefangenschaft bekannt und nur unvollständig beschrieben.

* Der Bettelruf der Jungen erinnert entfernt an leises Spatzentschilpen. Von diesen sind bei Erregung auch Trillerlaute zu vernehmen [W]

* Während der Balz kann man eine Reihe hölzerner und schnarrender aneinandergereihter Laute vom Männchen vernehmen die wie „rreep-rreep“ klingen [N]",https://xeno-canto.org/species/Crex-crex,714,Kategorie 1 - vom Aussterben bedroht
Zippammer  (Emberiza cia) [W],rocbun1,,,"* Der Gesang ist hoch, klar und sehr abwechslungsreich. [N]","* Charakteristische Rufe sind ziep, zijep, seltener zip 

* bei Erregung tjück, dridd, züpp, zitit und tititrija oder tiritritja

* bei Gefahr (z. B. Sperber) ein langgezogenes zieh, welches von anderen Vogelarten „verstanden“ und ebenfalls geäußert wird [W]",https://xeno-canto.org/species/Emberiza-cia,375,Kategorie 1 - vom Aussterben bedroht
"Zwergseeschwalbe (Sternula albifrons, Syn.: Sterna albifrons) [W]",litter1,,D,* Ruf der Norfolk (Großbritannien) Zwergseeschwalbe und der amerikanischen Zwergseeschwalbe variieren [W],"* Der Ruf äußert sich durch ein scharf kratzendes „kriit“, das bei Erregung und Balz wiederholt und schnell vorgetragen wird. [N]

Nur für die Zwergseeschwalbe aus Norfolk: 

* Der Hauptruf, der zur Brutzeit häufig von beiden Geschlechtern abgegeben wird, ist recht schnell und undeutlich. Seine Dauer beträgt deutlich unter 0,5 Sekunden. Meist besteht er aus vier, manchmal aus zwei, drei oder fünf Tönen, die fast ohne Unterbrechung abgegeben werden und deren letzter am stärksten betont wird. Häufig werden dieselben Töne mehrmals nacheinander wiederholt. Zur sprachlichen Wiedergabe dieses Rufs wurden die Umschreibungen „purriririr“ und „widididit“ vorgeschlagen

* Alarmruf: Die schwächste Form klingt wie „wiik“, die mittlere Form ist ein schnelles, abgehacktes „kit kit kit“ und die stärkste Form, die beim Hassen auf Eindringlinge in Nestnähe geäußert wird, ist ein aufgeregter, schnatternder Ruf. Dieser enthält ein raues „bzzz“, das beim Anfliegen des Feindes ausgestoßen wird

* Ein weiterer, relativ selten geäußerter Ruf, der ausschließlich vom Weibchen bei der Balz abgegeben wird, wenn es vom Männchen erbeutete Nahrung annehmen möchte, kann mit „wu-du-du“ beschrieben werden

* Bei der Jagd wiederholen männliche Zwergseeschwalben Rufe häufig in einer bestimmten Reihenfolge: Beim Herabstoßen auf ein Beutetier wird ein Ruf mit nur einem Ton geäußert, der dem schwächsten Alarmruf ähnelt und der als Fischfangruf bezeichnet wurde, nach erfolgreichem Fang ertönt ein zweitöniger Hauptruf und beim Rückflug zum Weibchen ein bis zu fünftöniger, sehr schneller Hauptruf, der häufig vom Weibchen ebenfalls mit einem Hauptruf beantwortet wird [W]",https://xeno-canto.org/species/Sternula-albifrons,358,Kategorie 1 - vom Aussterben bedroht
"Birkhuhn (Lyrurus tetrix, Syn.: Tetrao tetrix) [W]",blagro1,,,,* Beim Balzen lassen sich Kullern und Zischen vom Männchen vernehmen. [N],https://xeno-canto.org/species/Lyrurus-tetrix,256,Kategorie 2 - stark gefährdet
Braunkehlchen (Saxicola rubetra) [W],whinch1,,,,"* Sein Ruf klingt wie „jü teck“ und dient dazu, Weibchen anzulocken und sein Revier zu markieren. [W]

* Der Ruf des Braunkehlchens ist ein weiches „djü“ und erinnert ein wenig an den Ruf des Gimpels, es folgt jedoch ein kurzes, charakteristisches Schnalzen

* Der Gesang besteht aus variablen und rauen Strophen, die sich in dessen Verlauf beschleunigen, bevor sie abrupt enden. [N]",https://xeno-canto.org/species/Saxicola-rubetra,590,Kategorie 2 - stark gefährdet
Dreizehenmöwe (Rissa tridactyla) [W],bklkit,,M,"* meist stumm, wenn nicht in Brutzeit oder auf dem offenen Meer [W]","* Balzruf klingt etwa wie ""kiti-uääh”

* Der Alarmruf ist ein klagendes „ök ök“.

* Außerhalb der Brutzeit und auf dem offenen Meer sind Dreizehenmöwen meist stumm; hier wird nur ein tiefer Stimmfühlungsruf häufiger geäußert, der mit „ketsch, ketsch“ wiedergegeben wird. [W]

* Ihr häufigster Ruf ist nasal quäkend „kiti uääh“, der Flugruf hingegen kurz „kja“. [N]",https://xeno-canto.org/species/Rissa-tridactyla,218,Kategorie 2 - stark gefährdet
Feldschwirl (Locustella naevia) [W],cogwar1,,,,"* Sein Gesang klingt in etwa wie „sirrrr“ und erinnert an eine Heuschrecke [W]
* Dabei kann der Gesang leicht an- und abschwellen, je nachdem, in welche Richtung der Sänger gerade seinen Kopf dreht. [N]",https://xeno-canto.org/species/Locustella-naevia,1000,Kategorie 2 - stark gefährdet
Flussseeschwalbe (Sterna hirundo) [W],comter1,,,,"* Ihr Ruf klingt wie „kick“ oder „kriäh“. [W]

* Das häufigste Geräusch ist ein schrilles „kriierrr“ oder zur Warnung ein scharfes „tschip“.

* In Kolonien hört man sie laut und beständig kurze scharfe Laute wie „kit“ oder ein käckerndes „kt-kt-kt“ von sich geben. [N]",https://xeno-canto.org/species/Sterna-hirundo,744,Kategorie 2 - stark gefährdet
Flussuferläufer (Actitis hypoleucos) [W],comsan,,,,"* Der Flug ist meist von schrillen Rufen begleitet, die wie Hi-di-di klingen. [W]

* Sein Warnruf ist ein pfeifendes, gedehntes „hiip“. [N]",https://xeno-canto.org/species/Actitis-hypoleucos,1560,Kategorie 2 - stark gefährdet
Grauspecht (Picus canus) [W],gyfwoo1,,"V, M","* Die Lautäußerungen von Grünspecht und Grauspecht sind einander sehr ähnlich (Der weittragende Reviergesang des Grauspechtes ist jedoch melodischer und reiner tönend als das explosive Lachen des Grünspechtes)

* Die Reviergesänge sind ab Ende Februar zu hören, in besonders milden Wintern auch früher. Die höchste Gesangsintensität liegt im März, danach verhalten sich diese Spechte akustisch sehr unauffällig. [W]","* Die aus zehn bis 15 Einzelelementen bestehende Lautreihe (klü-klü-klü ...kü...kü...kü(kö)..) fällt in der Tonhöhe ab und wird mit größeren Silbenabständen langsamer. Die Strophe wirkt etwas melancholisch, schwermütig, gegen Ende wird sie leiser und erstirbt.

* Der Reviergesang des Weibchens ist sehr ähnlich, aber etwas leiser und nicht so volltönend melodiös, sondern krächzender und meist auch kürzer.

* Daneben kommuniziert das Männchen mit dem Weibchen mit leisen djück-Rufen, auf die das Weibchen situationsbezogen entweder heiser gwüü oder leiernd diediedie antwortet.

* Neben diesen partnerbezogenen Vokalisationen sind von beiden Geschlechtern, häufiger jedoch vom Männchen, aggressionsbestimmte Laute zu hören. Dabei dominieren einzelne, scharfe kük-Rufe, die bei steigender Erregung gereiht und mit kek fortgesetzt werden. Einem einzelnen kük kommt auch eine Warnfunktion zu

* Die individuelle Trommelaktivität der Grauspechte ist sehr unterschiedlich, doch trommeln sie häufiger als Grünspechte. Die Schlagfrequenz beträgt etwa 20 Schläge pro Sekunde, ein Wirbel kann bis zu 40 Schläge umfassen, also zwei Sekunden dauern [W]",https://xeno-canto.org/species/Picus-canus,677,Kategorie 2 - stark gefährdet
"Haselhuhn (Tetrastes bonasia, Syn.: Bonasa bonasia) [W]",hazgro1,,,,"* Der Gesang des Männchens besteht aus sehr hohen aneinandergereihten Pfeiftönen, die an eine Meise oder ein Goldhähnchen erinnnern. [N]",https://xeno-canto.org/species/Tetrastes-bonasia,340,Kategorie 2 - stark gefährdet
Kiebitz (Vanellus vanellus) [W],norlap,,,* sehr stimmfreudig während Brutzeit [W],"* Kiebitze sind während der Brutzeit sehr stimmfreudig; ihr Rufen klingt klagend schrill, wie „kschäää“ oder „kiju-wit“ [W]

* Häufige Rufe sind „kie-wit“ als Kontaktlaut und „chä-chuit“ sowie „wit-wit-wit-wit“. [N]",https://xeno-canto.org/species/Vanellus-vanellus,1030,Kategorie 2 - stark gefährdet
Nachtreiher (Nycticorax nycticorax) [W],bcnher,,,,"* Ihr allgemeiner Ruf erinnert an die raue, heisere Stimme eines Raben und klingt wie Qua, Quak oder Quark [W]

* Am häufigsten vernimmt man vom Nachtreiher seinen froschartigen „quak“-Ruf. [N]",https://xeno-canto.org/species/Nycticorax-nycticorax,980,Kategorie 2 - stark gefährdet
Ortolan (Emberiza hortulana) [W],ortbun1,,D,"* Der Gesang ist in der Regel regionaltypisch. Das heißt, man kann zum Beispiel polnische Ortolane von fränkischen Ortolanen am Gesang unterscheiden. Dort, wo benachbarte Gesangsdialekte aufeinandertreffen, kommen mit gewisser Regelmäßigkeit auch Mischsänger vor, die den einen als auch anderen Dialekt alternierend vortragen (alternative Dialektmischsänger; ADMS) und/oder ihre Dialekt kennzeichnenden Elemente in einer Strophe kombinieren (Kombinations-Dialektmischsänger; CDMS). Beispielsweise können entlang des Ortolan-Rundweges im Brandenburger Naturpark Nuthe-Nieplitz, zwischen Stücken und Körzin, Vertreter der Dialektpopulation des Flämings, der Lausitz einschließlich deren Mischsänger „Fläming-Lausitz“ gehört werden. [W]","* Der Gesang klingt ungefähr wie „zri-zri-zri-zri-djü-djü-djü“ oder „ridri-dri-dri-jööj“. Ortolanmännchen verfügen jeweils über 2–4 verschiedene Strophen.

* Bei Erregung rufen sie „psip“ oder „psie“, oft abwechselnd mit einem Ruf „djüb“. [W]

* Der Ruf kann ein zweisilbiges „sli-e“ oder ein knappes, klickendes „dju“ sein. Der Gesang besteht aus klaren melodischen und sich wiederholenden Strophen. Dies kann zum Beispiel ein „sru-sru-sru-dro-dro-dro“ sein. [N]",https://xeno-canto.org/species/Emberiza-hortulana,1509,Kategorie 2 - stark gefährdet
Rebhuhn (Perdix perdix) [W],grypar,,,,"* Der Revierruf des Männchens äußert sich in einem knarrenden „kirreck“ oder „kerrrick“. Dieser von Individuum zu Individuum leicht unterschiedliche Ruf wird gelegentlich mit dem Knarren einer rostigen Türangel verglichen. Aus größerer Entfernung klingt er allerdings weicher und melodischer 

* Von auffliegenden Rebhühnern ist ein hohes „kerr-ititit“, „gijig gig …“ oder ähnliche Ruffolgen zu hören

*  Verlassene Küken geben ein klägliches Piepsen von sich, das ansteigt und lauter wird [W]

* Das Männchen ist am besten in den frühen Morgen- oder späten Abendstunden zu hören, wenn es seinen Revierruf, ein raues „kirräck“ mit Betonung auf der zweiten Silbe, ertönen lässt. 

* Ein „grrriweck“ oder „kirrik“ dient hingegen als Kontakt- und Sammelruf. [N]",https://xeno-canto.org/species/Perdix-perdix,312,Kategorie 2 - stark gefährdet
Rotschenkel (Tringa totanus) [W],comred1,,,,"* Sein Ruf klingt in etwa wie „tjüt“ mit jodelndem Charakter. 

* Während des Brutgeschäfts stößt er häufig über einen längeren Zeitraum ein schimpfendes „tjikttjikt“ aus. [W]",https://xeno-canto.org/species/Tringa-totanus,1322,Kategorie 2 - stark gefährdet
Spießente (Anas acuta) [W],norpin,,M,"* Die Stimmäußerungen beider Geschlechter sind wenig auffällig. 

* Weibchen der Spießente lassen ihre Stimme darüber hinaus nur selten hören. [W]","* Ihr Ruf erinnert an das Quaken der weiblichen Stockente und fällt wie bei dieser in der Tonhöhe leicht ab.

* Der Schreckruf aufgescheuchter Weibchen ist ein in der Tonhöhe dunkles croak.

* Balzende oder erregte Erpel der Spießente äußern ein leises, nasales wä-glück-hä oder krlük. [W]",https://xeno-canto.org/species/Anas-acuta,203,Kategorie 2 - stark gefährdet
Turteltaube (Streptopelia turtur) [W],eutdov,,,,* Der besteht aus lang gezogenen schnurrenden „turr“-Lauten und wirkt monotoner und zarter als bei anderen Tauben. [N],https://xeno-canto.org/species/Streptopelia-turtur,399,Kategorie 2 - stark gefährdet
Weißrückenspecht (Dendrocopos leucotos) [W],whbwoo1,,,,"* Der Kontaktruf des Spechtes ist ein weiches Kjük oder Güg, deutlich leiser, dunkler und gedämpfter als beim Buntspecht

* Weißrückenspechte https://de.wikipedia.org/wiki/Perkussionslaute
 ausdauernd und lange. Die einzelnen Trommelwirbel dauern fast zwei 
Sekunden und bestehen aus über 40 Einzelschlägen. Während des Trommelns 
steigert sich die Schlagfrequenz und fällt gegen Ende wieder ab. [W]",https://xeno-canto.org/species/Dendrocopos-leucotos,419,Kategorie 2 - stark gefährdet
Wiesenpieper (Anthus pratensis) [W],meapip1,,,,"* Der Lockruf des Wiesenpiepers ist ein scharfes „ist“ oder „ististist“, in der Nestnähe oft langanhaltend und monoton „tlitlitli“. [W]

* Im Singflug singt er eine Serie feiner, spitzer Töne und Strophen: „zi zi zi zi zi zi zi zü-zü-zü-zü-zü-zü-zü-swiswiswiswiswi TÜÜ TÜÜ TÜÜ TÜÜ swia“. Der Ruf ist ist ein mehrfaches oder einfaches kurzes „ist“. [N]",https://xeno-canto.org/species/Anthus-pratensis,1120,Kategorie 2 - stark gefährdet
Wiesenweihe (Circus pygargus) [W],monhar1,,M,* Außerhalb der Brutzeit ist die Wiesenweihe nicht sehr ruffreudig [N],"* Die Balzrufe des Männchens bestehen aus gereihten, nasalen Rufen, die mit „kä-kä-kä“ oder „kjäh-kjäh-kjäh“ wiedergegeben werden können

* Bei Bedrohung am Nest äußern beide Partner schnelle, etwa wie „tschit-er-tschit-er-tschit-it-it-it“ klingende Rufe

* Der von Jungvögeln beim Betteln ständig genutzte Ruf ist ein dünnes „pii-ii“. [W]

* Im Balzflug lässt sich ein schnelles „käkäkäkä“ vom Männchen vernehmen. [N]",https://xeno-canto.org/species/Circus-pygargus,132,Kategorie 2 - stark gefährdet
Baumfalke (Falco subbuteo) [W],eurhob,,,,"* Der typische Ruf besteht aus einem hohen, spitzen „kikiki“, das meist in einer langen, schneller und dann wieder langsamer werdenden Rufreihe zu vernehmen ist

* Es gibt eine große Zahl von weiteren Lautäußerungen, z. B. das sogenannte https://de.wikipedia.org/wiki/Lahnen, ein weiches „gjii“  [W]",https://xeno-canto.org/species/Falco-subbuteo,233,Kategorie 3 – gefährdet
"Bluthänfling (Linaria cannabina, Syn.: Carduelis cannabina)",eurlin1,,I,"* Der Bluthänfling kann auch Gesangsteile anderer Vögel übernehmen.

* Mit Ausnahme der Mauserzeit lässt der Bluthänfling den Gesang das ganze Jahr über hören. [W]","* Der https://de.wikipedia.org/wiki/Stimmf%C3%BChlungsruf äußert sich in einem kurzen, sehr harten „gigigi“-Geckern.

* Bei Störungen lassen Bluthänflinge ein durchdringendes, nasales „düje“ und als Warnruf ein leises und gedehntes „tjuiid“ hören

* Der Lockruf stellt ein „gjä-gjä“ dar. Häufig rufen Bluthänflinge auch ein nasales „glü“.

* Der Gesang des Bluthänflings ist anhaltend und zwitschernd. Er wird durch harte https://de.wikipedia.org/wiki/Staccato eingeleitet, die sich beschleunigen. Dann folgen oft rasche Triller und nasale Laute [W]",https://xeno-canto.org/species/Linaria-cannabina,1600,Kategorie 3 – gefährdet
Feldlerche (Alauda arvensis) [W],skylar,,,"* Weibchen singen ebenfalls, jedoch https://de.wikipedia.org/wiki/Lautheit als die Männchen und am Boden sitzend. [W]","* Er ist lang und über 3 bis 15 Minuten anhaltend und besteht aus einer schnellen, ununterbrochenen Folge von abwechselnd und zum Teil rhythmisch wiederholten rollenden, trillernden oder zirpenden Tönen, in die gelegentlich Imitationen (z. B. von https://de.wikipedia.org/wiki/Turmfalke) eingeflochten werden. [W]",https://xeno-canto.org/species/Alauda-arvensis,2655,Kategorie 3 – gefährdet
Fischadler (Pandion haliaetus) [W],osprey,,,,"* Der Balzruf des Männchens ist ein weittragendes, zweisilbiges, eher pfeifendes „ü-iilp“.

* Bei Störungen am Nest rufen die Altvögel gereiht „kju-kju-kju“.

* Wenn Artgenossen das Nest eines Paares anfliegen, rufen die Reviervögel durchdringend und ebenfalls eher pfeifend „pjüpp“. [W]",https://xeno-canto.org/species/Pandion-haliaetus,306,Kategorie 3 – gefährdet
Gänsesäger (Mergus merganser) [W],commer,,M,"* Gänsesäger sind nicht besonders ruffreudige Vögel 

* Vom Männchen kennt man zwei verschiedene Balzrufe, die aber beide leise sind [W]","* Mit erhobenem Schnabel ruft es gelegentlich auig-a und gibt außerdem ein hohes, quakendes und glockenartig klingendes rüh-roh von sich. Das Weibchen antwortet auf die Balzrufe des Männchens mit einem kurzen aik-aik [W]",https://xeno-canto.org/species/Mergus-merganser,176,Kategorie 3 – gefährdet
Halsbandschnäpper (Ficedula albicollis) [W],colfly1,,,,"* Er singt langsam mit gepressten Tönen trüh ziit tru sidi, ein typischer Ruf ist ein langgezogenes iip. [W]",https://xeno-canto.org/species/Ficedula-albicollis,465,Kategorie 3 – gefährdet
"Kleinspecht (Dryobates minor, Syn.:  Dendrocopos minor) [W]",leswoo1,,M,"* Da der Specht sich häufig in den Baumkronen aufhält und einige seiner Lautäußerungen eher leise sind, kann er leicht überhört werden. [W]","* Hauptruf beider Geschlechter, vor allem aber des Männchens, ist ein gereihtes, helles, auf einer Tonhöhe bleibendes Kikikiki, das aus mindestens 8, meist aber mehr (bis zu 20) Einzelelementen besteht. Es erinnert entfernt an die Rufreihe des https://de.wikipedia.org/wiki/Turmfalke, ist aber etwas leiser, höher und die Einzelelemente folgen schneller aufeinander

* Häufig und das ganze Jahr über ist ein buntspechttypisches Kixen vernehmbar; es ist heller und leiser als das anderer https://de.wikipedia.org/wiki/Buntspechte. In Aggressions- und sonstigen Erregungssituationen kann es zum Schelten gereiht werden.

* Der typische Kontaktruf, der allerdings nur aus unmittelbarer Nähe wahrgenommen werden kann, ist ein einfaches, kurzes Chack oder Tjak

* Beide Geschlechter des Kleinspechtes trommeln. Die leisen, hohen, sehr schnellen und gleichmäßigen Trommelwirbel bestehen aus bis zu 30 Schlägen und dauern fast 2 Sekunden. Bis zu 15 Wirbel können in einer Minute erfolgen. Das Trommeln der Weibchen ist etwas langsamer und kürzer; die Abstände zwischen den Wirbeln sind größer. [W]",https://xeno-canto.org/species/Dryobates-minor,860,Kategorie 3 – gefährdet
"Kleinsumpfhuhn (Zapornia parva, Syn.: Porzana parva) [W]",litcra1,,,,"* Der Ruf besteht aus »gak« oder »quäck«. Das unverpaarte Weibchen hat eigene Rufe wie »pöck pöek pöck« oder »kikerr«. [W]

* Das Weibchen hat einen ähnlichen, aber nur einfachen Ruf mit schnellem Trillern am Ende. [N]",https://xeno-canto.org/species/Zapornia-parva,236,Kategorie 3 – gefährdet
Krickente oder Kriekente (Anas crecca) [W],gnwtea,,,,"* Der https://de.wikipedia.org/wiki/Balz des Erpels ist ein helles „krrik“ oder „krílük“ [W]

* Das Männchen ruft namensgebend sehr hell und klar „krik-krik krik-krik“. Das Weibchen quakt leise und ententypisch „peeeht pät pät“. Auch ein leises „krek krek krek“ kann man ab und an hören. [N]",https://xeno-canto.org/species/Anas-crecca,845,Kategorie 3 – gefährdet
Kuckuck (Cuculus canorus) [W],comcuc,,,,"* Das Männchen ruft seinen Namen „Ku-Kuck“ wiederholt und schneller, wenn ein Weibchen in der Nähe ist

* Bei Verfolgung des Weibchens ist ein heiseres „hach hachhach“ zu hören

* Außerdem umfasst das Repertoire beider Geschlechter kichernde und trillernde Laute. [N]",https://xeno-canto.org/species/Cuculus-canorus,1956,Kategorie 3 – gefährdet
"Löffelente (Spatula clypeata, Syn.: Anas clypeata) [W]",norsho,,,,"* Ruf der Löffelente klingt in etwa wie „tock“. Er ist nicht sehr auffällig und deshalb nur selten wahrzunehmen

* Der Ruf der Weibchen dagegen ähnelt sehr stark denen der https://de.wikipedia.org/wiki/Stockente.

* Zu den https://de.wikipedia.org/wiki/Instrumentallaut dieser Entenart zählt als Fluggeräusch ein who-who-who [W]",https://xeno-canto.org/species/Spatula-clypeata,233,Kategorie 3 – gefährdet
"Mehlschwalbe (Delichon urbicum, Syn.: Delichon urbica)",cohmar1,,,,"* Am häufigsten zu hören ist ein leises, schwatzendes Zwitschern oder Leiern

* Im Flug und beim Anflug ans Nest ist regelmäßig ein tritri oder driddrli zu hören

* Der Kontaktlaut ist ein hartes trieer, gelegentlich lautmalerisch auch als chirrp umschrieben

* Der Alarmruf ist ein schrilles tsier oder tseep.

* Junge Nestlinge lassen zunächst ein einsilbiges tik tik tik hören; bei älteren Nestlingen ändert sich dies zu einem zittritvitvii [W]

* Fliegend ruft die Mehlschwalbe „schrrip“ oder „brrit“. Ihr Warnruf ist höher und ein wiederholt ausgerufenes „tschierr“. Sie zwitschert weniger melodiös, aber eifrig schwatzend. [N]",https://xeno-canto.org/species/Delichon-urbicum,684,Kategorie 3 – gefährdet
"Ziegenmelker (Caprimulgus europaeus, Synonym: Caprimulgus centralasicus), auch Europäischer Ziegenmelker und Nachtschwalbe [W]",eurnig1,,,* Er ruft überwiegend nachts. [N],"* Die im Brutgebiet territoriale Art fällt vor allem durch ihren Gesang auf. Meistens von einer erhöhten Singwarte vorgetragen, lässt er sich am ehesten mit dem Geräusch eines entfernt vorbeifahrenden Kleinmotorrades vergleichen; er wird stundenlang fast ohne Pause in der Abenddämmerung und nachts vorgetragen. Dieses in Tonhöhe und Lautstärke variierende Schnurren wechselt bei größerer Erregung von quoorrooorrrorrr... nach erreeerreerrreerrreeerr...

* Wenn der Ruf plötzlich abbricht, kann man manchmal sehr hohe, gedehnte kuuiik- oder guuiiek-Elemente und mehrmaliges, recht lautes https://de.wikipedia.org/wiki/Instrumentallaut vernehmen

* Am Nest ist von beiden Eltern ein dunkler, leiser wuuk- oder quuuuk-Laut zu hören, der von Fachleuten Grunzen genannt wird.
Auch https://de.wikipedia.org/wiki/Schnabelknappen sind vor allem während der Insektenjagd und in Erregungssituationen zu hören [W]

* EZur Balzzeit ruft das Männchen ausdauernd, hart schnurrend „eeerrrörrreeerrrörrreeerrrörrr“. Ist ein Weibchen interessiert, stirbt das Schnurren mit einem „fiORRR fiORRR“ wie ein ausgehender Motor ab. Auch ein klangvolles „kruit“ gehört zu seinem Repertoire. [N]",https://xeno-canto.org/species/Caprimulgus-europaeus,1299,Kategorie 3 – gefährdet
Rohrdommel (Botaurus stellaris) [W],grebit1,,,,"* Während der Balz stößt das Männchen ein nebelhornartiges, dumpfes „whuuump“ aus. Im Flug gibt die Rohrdommel tiefe, krächzende Töne von sich, die an ein Fuchsbellen erinnern. [N]",https://xeno-canto.org/species/Botaurus-stellaris,872,Kategorie 3 – gefährdet
Schwarzhalstaucher (Podiceps nigricollis) [W],eargre,,S,,* Häufig zu hören ist ein leicht gepresstes „pücht“ oder ein eher unauffälliges „huit“. Im Winter ist der Taucher meist stumm. [N],https://xeno-canto.org/species/Podiceps-nigricollis,88,Kategorie 3 – gefährdet
Star (Sturnus vulgaris) [W],eursta,,"I, G","* Imitationen diverser Vögel, sowie Hunden, Rasenmähern und Mobiltelefonen.","* Der anhaltende, schwätzende Gesang besteht aus einer Vielzahl von ansteigenden oder abfallenden Pfeiftönen, Schnalz-, Zisch- und Rätschlauten sowie Imitationen von Vogel- und anderen Tierstimmen oder technischen Geräuschen. Häufig werden zum Beispiel Rufe von Wachtel, Mäusebussard oder Kiebitz nachgeahmt, daneben auch Hundegebell, das Geräusch von Rasenmähern oder neuerdings auch Klingeltöne von Mobiltelefonen. 

* Die Warnrufe sind je nach Bedrohung unterschiedlich. Vor Flugfeinden (Krähen, Greifvögeln usw.) wird mit einem schnell gereihten, scharfen, sehr kurzen „spett, spett“ gewarnt, vor Bodenfeinden mit einem wiederholten, langgezogenen „brrrrrrrt“ oder „tschrrr“. [W]",https://xeno-canto.org/species/Sturnus-vulgaris,1715,Kategorie 3 – gefährdet
Trauerschnäpper (Ficedula hypoleuca) [W],eupfly1,,,,* Sie zwitschern fröhlich ihre auf und absteigenden Tonfolgen „tsi-writsü-writsü“ oder „wuti-wuti“. Der Warnruf ist ein kurzes metallisches „pik“ oder trocken „tett“. [N],https://xeno-canto.org/species/ficedula-hypoleuca,1262,Kategorie 3 – gefährdet
Trauerseeschwalbe (Chlidonias niger) [W],blkter,,,,* Rau und kreischend rufen sie „kitt“ oder „krihk“. Auch ein energisches „ki-ki-ki“ ist als Warnruf zu vernehmen. [N],https://xeno-canto.org/species/Chlidonias-niger,257,Kategorie 3 – gefährdet
Tüpfelsumpfhuhn (Porzana porzana) [W],spocra1,,,,"* Ab der Dämmerung kann man die Balzrufe in einer ruhigen Nacht weithin hören. Der Gesang besteht aus schnell aneinander gereihten „huitt huitt huitt“-Rufen, die ein bisschen wie ein tropfender Wasserhahn klingen. Wenn man sehr nah am rufenden Vogel steht, kann man vor jedem „huitt“ noch einen „u“-Laut hören, sodass der Ruf zweisilbig klingt. [N]",https://xeno-canto.org/species/Porzana-porzana,710,Kategorie 3 – gefährdet
Wendehals (Jynx torquilla) [W],eurwry,,M,"* Während der https://de.wikipedia.org/wiki/Balz-, Brut- und Fütterungszeit können Wendehälse sehr auffällig sein. Außerhalb dieser Periode bemerkt man ihre Anwesenheit kaum. [W]","* Der Gesang ist sehr deutlich und unverwechselbar und besteht aus in der Tonhöhe ansteigenden 'gäh'-Elementen, die schnell gereiht zuerst nasal und später gellend 'kje' klingen. Oft singen die Partner, auf einem Pfahl sitzend, im Duett, daneben geben sie bei Brutablösung ein leises Trommeln und Klopfen von sich.

* Vor allem Jungvögel, zuweilen aber auch Altvögel setzen einen schlangenähnlichen Zischlaut in Bedrohungssituationen ein, auch schlangenähnliche Bewegungen werden in solchen Situationen simuliert [W]",https://xeno-canto.org/species/Jynx-torquilla,623,Kategorie 3 – gefährdet
Wiedehopf (Upupa epops) [W],hoopoe,,,,* Der Balzruf des Männchens ist ein dreisilbiges „upupup“. [N],https://xeno-canto.org/species/Upupa-epops,598,Kategorie 3 – gefährdet
Zaunammer (Emberiza cirlus) [W],cirbun1,,,,"* Die Zaunammer ruft kurz und hoch „zieh“ oder „tzii“, oder auch härter „tick“ oder „tsittit“.",https://xeno-canto.org/species/Emberiza-cirlus,864,Kategorie 3 – gefährdet
"Zitronenzeisig (Carduelis citrinella, Syn.: Serinus citrinella), auch Zitronengirlitz [W]",citfin1,,,,"* Die Rufe sind sehr metallisch und hoch, meist etwas nasal. Der https://de.wikipedia.org/wiki/Stimmf%C3%BChlungsruf ist ein „die-die“.

* Der Flugruf äußert sich in einem „dit-dit“. Andere Rufe sind zweisilbige „zi-ä“ und gedehnte „ziet“.

* Der Gesang ist ein munteres Zwitschern mit kleinen Quetschlauten. Er ähnelt dem Gesang des https://de.wikipedia.org/wiki/Stieglitz, in Aufbau und Tonfolge auch dem https://de.wikipedia.org/wiki/Girlitz. [W]

* Er ruft einsilbig und kurz „tüht“ oder „dyit“, oft auch stotternd „dyi-di-di“ oder „te-te-te“. [N]",https://xeno-canto.org/species/Carduelis-citrinella,158,Kategorie 3 – gefährdet
Zwergdommel (Ixobrychus minutus) [W],litbit1,,,,"* Der Gesang ist ein monotones, dumpfes „wru wru wru“.

* Im Flug kann man ein deutliches und nasales „kwekwekwe“ vernehmen. [N]",https://xeno-canto.org/species/Ixobrychus-minutus,654,Kategorie 3 – gefährdet